BindingEnergy_eV,Intensity
0.00,12.5
0.40,25.0
0.80,25.0
1.20,25.0
1.60,0.0
2.00,0.0
2.40,25.0
2.80,37.5
3.20,12.5
3.60,12.5
4.00,12.5
4.40,37.5
4.80,0.0
5.20,25.0
5.60,50.0
6.00,37.5
6.40,62.5
6.80,62.5
7.20,12.5
7.60,150.0
8.00,87.5
8.40,262.5
8.80,312.5
9.20,450.0
9.60,662.5
10.00,825.0
10.40,975.0
10.80,1000.0
11.20,800.0
11.60,937.5
12.00,1062.5
12.40,1075.0
12.80,1025.0
13.20,1175.0
13.60,900.0
14.00,587.5
14.40,587.5
14.80,425.0
15.20,437.5
15.60,450.0
16.00,275.0
16.40,350.0
16.80,437.5
17.20,350.0
17.60,237.5
18.00,262.5
18.40,275.0
18.80,325.0
19.20,337.5
19.60,187.5
20.00,287.5
20.40,275.0
20.80,350.0
21.20,325.0
21.60,312.5
22.00,387.5
22.40,637.5
22.80,675.0
23.20,787.5
23.60,562.5
24.00,812.5
24.40,887.5
24.80,937.5
25.20,1037.5
25.60,1412.5
26.00,1625.0
26.40,2012.5
26.80,2150.0
27.20,2350.0
27.60,2662.5
28.00,2837.5
28.40,2262.5
28.80,2187.5
29.20,2150.0
29.60,2200.0
30.00,2862.5
30.40,4112.5
30.80,5650.0
31.20,6637.5
31.60,7712.5
32.00,8187.5
32.40,7400.0
32.80,6437.5
33.20,5275.0
33.60,3687.5
34.00,3000.0
34.40,2162.5
34.80,1537.5
35.20,1600.0
35.60,1187.5
36.00,1137.5
36.40,1262.5
36.80,1337.5
37.20,1125.0
37.60,1325.0
38.00,1537.5
38.40,1462.5
38.80,1600.0
39.20,1662.5
39.60,1725.0
40.00,2175.0
40.40,2212.5
40.80,3087.5
41.20,3725.0
41.60,4500.0
42.00,5887.5
42.40,6025.0
42.80,6675.0
43.20,6625.0
43.60,5512.5
44.00,5200.0
44.40,4050.0
44.80,4300.0
45.20,3675.0
45.60,3562.5
46.00,3250.0
46.40,3237.5
46.80,3362.5
47.20,3225.0
47.60,3150.0
48.00,2837.5
48.40,2812.5
48.80,3262.5
49.20,3162.5
49.60,3425.0
50.00,3100.0
50.40,3262.5
50.80,3162.5
51.20,2887.5
51.60,3350.0
52.00,3437.5
52.40,3412.5
52.80,3725.0
53.20,3537.5
53.60,3400.0
54.00,3600.0
54.40,3050.0
54.80,3850.0
55.20,3987.5
55.60,3600.0
56.00,3812.5
56.40,3525.0
56.80,3662.5
57.20,3612.5
57.60,3787.5
58.00,3412.5
58.40,3362.5
58.80,3775.0
59.20,3475.0
59.60,3575.0
60.00,3212.5
60.40,3362.5
60.80,3475.0
61.20,3637.5
61.60,3437.5
62.00,3687.5
62.40,3400.0
62.80,3175.0
63.20,3400.0
63.60,3650.0
64.00,3175.0
64.40,3712.5
64.80,3575.0
65.20,3712.5
65.60,4375.0
66.00,4037.5
66.40,4875.0
66.80,4412.5
67.20,4762.5
67.60,5050.0
68.00,5012.5
68.40,5262.5
68.80,4487.5
69.20,4425.0
69.60,4300.0
70.00,3900.0
70.40,3812.5
70.80,3875.0
71.20,4112.5
71.60,3737.5
72.00,4137.5
72.40,3587.5
72.80,3962.5
73.20,3750.0
73.60,3212.5
74.00,3412.5
74.40,3650.0
74.80,3662.5
75.20,3550.0
75.60,3525.0
76.00,3800.0
76.40,3550.0
76.80,4037.5
77.20,3462.5
77.60,3925.0
78.00,3662.5
78.40,3925.0
78.80,3837.5
79.20,4000.0
79.60,4175.0
80.00,3837.5
80.40,4162.5
80.80,3475.0
81.20,4212.5
81.60,4125.0
82.00,3962.5
82.40,4187.5
82.80,3800.0
83.20,4437.5
83.60,4062.5
84.00,4037.5
84.40,3462.5
84.80,4237.5
85.20,4025.0
85.60,4362.5
86.00,4475.0
86.40,4112.5
86.80,4537.5
87.20,4537.5
87.60,4362.5
88.00,4462.5
88.40,4237.5
88.80,4150.0
89.20,4325.0
89.60,4687.5
90.00,4637.5
90.40,4775.0
90.80,4937.5
91.20,4450.0
91.60,4512.5
92.00,4900.0
92.40,4750.0
92.80,4837.5
93.20,5000.0
93.60,5350.0
94.00,5050.0
94.40,4862.5
94.80,4925.0
95.20,4937.5
95.60,4400.0
96.00,4925.0
96.40,4925.0
96.80,5075.0
97.20,5037.5
97.60,4862.5
98.00,4862.5
98.40,5025.0
98.80,4950.0
99.20,4712.5
99.60,5362.5
100.00,4450.0
100.40,5362.5
100.80,4525.0
101.20,4937.5
101.60,4712.5
102.00,4937.5
102.40,4875.0
102.80,4850.0
103.20,4825.0
103.60,4875.0
104.00,4962.5
104.40,5025.0
104.80,5012.5
105.20,5350.0
105.60,5112.5
106.00,5137.5
106.40,5162.5
106.80,5737.5
107.20,5650.0
107.60,5512.5
108.00,5325.0
108.40,5037.5
108.80,4800.0
109.20,5050.0
109.60,4962.5
110.00,5287.5
110.40,5700.0
110.80,4912.5
111.20,5675.0
111.60,5087.5
112.00,5287.5
112.40,4787.5
112.80,4775.0
113.20,4650.0
113.60,5150.0
114.00,5187.5
114.40,4650.0
114.80,5250.0
115.20,5187.5
115.60,5125.0
116.00,5287.5
116.40,5087.5
116.80,4975.0
117.20,5287.5
117.60,5612.5
118.00,5062.5
118.40,5375.0
118.80,5212.5
119.20,4800.0
119.60,5037.5
120.00,5362.5
120.40,4762.5
120.80,5125.0
121.20,4950.0
121.60,5250.0
122.00,4637.5
122.40,5175.0
122.80,5125.0
123.20,5225.0
123.60,5387.5
124.00,5062.5
124.40,4962.5
124.80,5287.5
125.20,5375.0
125.60,4912.5
126.00,5637.5
126.40,5337.5
126.80,5562.5
127.20,4600.0
127.60,5137.5
128.00,4937.5
128.40,5375.0
128.80,5325.0
129.20,5137.5
129.60,5725.0
130.00,5050.0
130.40,5487.5
130.80,5237.5
131.20,5062.5
131.60,5250.0
132.00,5337.5
132.40,5025.0
132.80,5000.0
133.20,5350.0
133.60,5350.0
134.00,5537.5
134.40,5325.0
134.80,6125.0
135.20,5100.0
135.60,5850.0
136.00,5262.5
136.40,5087.5
136.80,5837.5
137.20,5325.0
137.60,5187.5
138.00,5275.0
138.40,5025.0
138.80,5150.0
139.20,5000.0
139.60,5537.5
140.00,5487.5
140.40,5200.0
140.80,5412.5
141.20,5987.5
141.60,5137.5
142.00,5625.0
142.40,5512.5
142.80,5750.0
143.20,5900.0
143.60,6087.5
144.00,5487.5
144.40,6112.5
144.80,5487.5
145.20,5825.0
145.60,5712.5
146.00,5700.0
146.40,5637.5
146.80,5837.5
147.20,5200.0
147.60,5750.0
148.00,5462.5
148.40,5300.0
148.80,6025.0
149.20,5537.5
149.60,5750.0
150.00,5937.5
150.40,5687.5
150.80,5362.5
151.20,5475.0
151.60,5325.0
152.00,5612.5
152.40,5462.5
152.80,5962.5
153.20,5637.5
153.60,5737.5
154.00,5500.0
154.40,5625.0
154.80,5675.0
155.20,5687.5
155.60,5325.0
156.00,5475.0
156.40,5475.0
156.80,5412.5
157.20,5787.5
157.60,6112.5
158.00,6150.0
158.40,6175.0
158.80,5775.0
159.20,6200.0
159.60,5750.0
160.00,6325.0
160.40,5687.5
160.80,6012.5
161.20,5787.5
161.60,5887.5
162.00,5737.5
162.40,5850.0
162.80,5750.0
163.20,6250.0
163.60,6212.5
164.00,6375.0
164.40,5937.5
164.80,5975.0
165.20,5150.0
165.60,6275.0
166.00,5262.5
166.40,6100.0
166.80,5662.5
167.20,5950.0
167.60,5687.5
168.00,6062.5
168.40,5687.5
168.80,5862.5
169.20,5662.5
169.60,5675.0
170.00,5700.0
170.40,5862.5
170.80,5700.0
171.20,5750.0
171.60,5625.0
172.00,5387.5
172.40,5375.0
172.80,5337.5
173.20,5650.0
173.60,5712.5
174.00,6037.5
174.40,5975.0
174.80,6050.0
175.20,5650.0
175.60,5800.0
176.00,5212.5
176.40,5750.0
176.80,6025.0
177.20,5375.0
177.60,5987.5
178.00,5675.0
178.40,5950.0
178.80,5350.0
179.20,5687.5
179.60,5537.5
180.00,5737.5
180.40,5875.0
180.80,5862.5
181.20,6087.5
181.60,5912.5
182.00,6262.5
182.40,6262.5
182.80,6037.5
183.20,6025.0
183.60,6037.5
184.00,5625.0
184.40,5775.0
184.80,5700.0
185.20,5737.5
185.60,5762.5
186.00,6150.0
186.40,5775.0
186.80,6337.5
187.20,5762.5
187.60,6150.0
188.00,5900.0
188.40,5550.0
188.80,5875.0
189.20,5475.0
189.60,5837.5
190.00,6025.0
190.40,6262.5
190.80,5287.5
191.20,6025.0
191.60,5987.5
192.00,5750.0
192.40,6225.0
192.80,5762.5
193.20,5825.0
193.60,6137.5
194.00,5900.0
194.40,6062.5
194.80,6350.0
195.20,5762.5
195.60,6612.5
196.00,6337.5
196.40,6075.0
196.80,6250.0
197.20,5550.0
197.60,5975.0
198.00,6200.0
198.40,6025.0
198.80,5650.0
199.20,5625.0
199.60,6150.0
200.00,5687.5
200.40,5887.5
200.80,5825.0
201.20,6100.0
201.60,6512.5
202.00,6150.0
202.40,6525.0
202.80,5500.0
203.20,6237.5
203.60,5450.0
204.00,5975.0
204.40,5500.0
204.80,5525.0
205.20,6162.5
205.60,5837.5
206.00,6175.0
206.40,5687.5
206.80,5750.0
207.20,5750.0
207.60,6175.0
208.00,6025.0
208.40,5675.0
208.80,6375.0
209.20,5812.5
209.60,6650.0
210.00,6412.5
210.40,6162.5
210.80,5962.5
211.20,5837.5
211.60,6112.5
212.00,6200.0
212.40,5875.0
212.80,5875.0
213.20,6075.0
213.60,6537.5
214.00,6000.0
214.40,6200.0
214.80,5737.5
215.20,5975.0
215.60,5925.0
216.00,5887.5
216.40,5862.5
216.80,6000.0
217.20,5762.5
217.60,5875.0
218.00,5825.0
218.40,6250.0
218.80,5725.0
219.20,6612.5
219.60,5650.0
220.00,6037.5
220.40,5837.5
220.80,6087.5
221.20,5762.5
221.60,6200.0
222.00,6162.5
222.40,5912.5
222.80,6087.5
223.20,5950.0
223.60,6187.5
224.00,6262.5
224.40,6075.0
224.80,5575.0
225.20,6012.5
225.60,5862.5
226.00,5812.5
226.40,6775.0
226.80,6087.5
227.20,6187.5
227.60,6162.5
228.00,5762.5
228.40,5962.5
228.80,5987.5
229.20,6050.0
229.60,5950.0
230.00,6587.5
230.40,5950.0
230.80,6425.0
231.20,5975.0
231.60,6312.5
232.00,5837.5
232.40,5537.5
232.80,6150.0
233.20,5937.5
233.60,5550.0
234.00,6387.5
234.40,5775.0
234.80,6087.5
235.20,5725.0
235.60,6162.5
236.00,5975.0
236.40,5950.0
236.80,5887.5
237.20,5850.0
237.60,5900.0
238.00,5737.5
238.40,6237.5
238.80,5725.0
239.20,5887.5
239.60,6262.5
240.00,6437.5
240.40,5975.0
240.80,6150.0
241.20,6175.0
241.60,5987.5
242.00,6325.0
242.40,5887.5
242.80,5937.5
243.20,5587.5
243.60,5737.5
244.00,6175.0
244.40,6262.5
244.80,6225.0
245.20,5800.0
245.60,5937.5
246.00,6400.0
246.40,6175.0
246.80,5900.0
247.20,6062.5
247.60,6212.5
248.00,6162.5
248.40,6875.0
248.80,5950.0
249.20,6350.0
249.60,6062.5
250.00,6325.0
250.40,6275.0
250.80,5962.5
251.20,6087.5
251.60,6325.0
252.00,6350.0
252.40,6250.0
252.80,5775.0
253.20,5600.0
253.60,6137.5
254.00,5712.5
254.40,6137.5
254.80,5962.5
255.20,5825.0
255.60,6362.5
256.00,5525.0
256.40,6175.0
256.80,5750.0
257.20,5900.0
257.60,5812.5
258.00,5887.5
258.40,6250.0
258.80,6200.0
259.20,6575.0
259.60,6362.5
260.00,6350.0
260.40,5687.5
260.80,6250.0
261.20,6062.5
261.60,6150.0
262.00,6175.0
262.40,6125.0
262.80,6450.0
263.20,6700.0
263.60,5787.5
264.00,6225.0
264.40,5825.0
264.80,6125.0
265.20,5912.5
265.60,5887.5
266.00,5837.5
266.40,5762.5
266.80,5712.5
267.20,5737.5
267.60,5837.5
268.00,5925.0
268.40,6287.5
268.80,5837.5
269.20,6337.5
269.60,6212.5
270.00,5762.5
270.40,5825.0
270.80,5975.0
271.20,6012.5
271.60,6250.0
272.00,6050.0
272.40,5762.5
272.80,5387.5
273.20,6287.5
273.60,5875.0
274.00,6262.5
274.40,5887.5
274.80,6312.5
275.20,5987.5
275.60,6250.0
276.00,5837.5
276.40,6112.5
276.80,5662.5
277.20,6087.5
277.60,5875.0
278.00,5637.5
278.40,6037.5
278.80,6250.0
279.20,5937.5
279.60,6037.5
280.00,6000.0
280.40,5650.0
280.80,5812.5
281.20,5950.0
281.60,5662.5
282.00,6137.5
282.40,5925.0
282.80,6487.5
283.20,6375.0
283.60,6387.5
284.00,6012.5
284.40,6700.0
284.80,6000.0
285.20,6887.5
285.60,6075.0
286.00,6125.0
286.40,6000.0
286.80,5962.5
287.20,6312.5
287.60,6450.0
288.00,6675.0
288.40,6712.5
288.80,8137.5
289.20,9787.5
289.60,12087.5
290.00,15425.0
290.40,14112.5
290.80,14075.0
291.20,12537.5
291.60,10675.0
292.00,9112.5
292.40,8412.5
292.80,7700.0
293.20,7750.0
293.60,7600.0
294.00,7362.5
294.40,7425.0
294.80,6775.0
295.20,6825.0
295.60,6637.5
296.00,6812.5
296.40,6437.5
296.80,6862.5
297.20,6237.5
297.60,6225.0
298.00,6137.5
298.40,6212.5
298.80,6200.0
299.20,6325.0
299.60,7000.0
300.00,6175.0
300.40,6475.0
300.80,6887.5
301.20,7112.5
301.60,6925.0
302.00,6912.5
302.40,6550.0
302.80,6725.0
303.20,6137.5
303.60,6425.0
304.00,6600.0
304.40,6525.0
304.80,6987.5
305.20,6850.0
305.60,6737.5
306.00,6462.5
306.40,6625.0
306.80,6762.5
307.20,7412.5
307.60,6912.5
308.00,7325.0
308.40,7012.5
308.80,7312.5
309.20,6650.0
309.60,6762.5
310.00,7175.0
310.40,7000.0
310.80,6925.0
311.20,6512.5
311.60,6675.0
312.00,6512.5
312.40,6750.0
312.80,6762.5
313.20,6537.5
313.60,6062.5
314.00,7050.0
314.40,6587.5
314.80,6850.0
315.20,7062.5
315.60,6662.5
316.00,6812.5
316.40,6312.5
316.80,6887.5
317.20,6337.5
317.60,6687.5
318.00,6362.5
318.40,6625.0
318.80,6662.5
319.20,6487.5
319.60,6112.5
320.00,6550.0
320.40,6062.5
320.80,6600.0
321.20,6662.5
321.60,6462.5
322.00,6462.5
322.40,6487.5
322.80,6012.5
323.20,6512.5
323.60,6525.0
324.00,6537.5
324.40,6537.5
324.80,6775.0
325.20,6725.0
325.60,6900.0
326.00,6612.5
326.40,6462.5
326.80,6912.5
327.20,6837.5
327.60,6175.0
328.00,6237.5
328.40,6625.0
328.80,6275.0
329.20,6500.0
329.60,6662.5
330.00,6525.0
330.40,6337.5
330.80,6475.0
331.20,6850.0
331.60,6575.0
332.00,6575.0
332.40,6737.5
332.80,6062.5
333.20,6887.5
333.60,6125.0
334.00,6200.0
334.40,6600.0
334.80,6875.0
335.20,6650.0
335.60,6625.0
336.00,6812.5
336.40,6137.5
336.80,6725.0
337.20,6450.0
337.60,6350.0
338.00,6212.5
338.40,6100.0
338.80,6500.0
339.20,6237.5
339.60,6600.0
340.00,6387.5
340.40,6512.5
340.80,6312.5
341.20,6087.5
341.60,6512.5
342.00,6200.0
342.40,6600.0
342.80,6525.0
343.20,6475.0
343.60,6700.0
344.00,6487.5
344.40,6625.0
344.80,6762.5
345.20,6337.5
345.60,6737.5
346.00,6075.0
346.40,6125.0
346.80,6500.0
347.20,6437.5
347.60,6162.5
348.00,6387.5
348.40,6675.0
348.80,6500.0
349.20,6587.5
349.60,6600.0
350.00,6450.0
350.40,6100.0
350.80,7025.0
351.20,6287.5
351.60,6650.0
352.00,6262.5
352.40,6150.0
352.80,6212.5
353.20,6287.5
353.60,6125.0
354.00,6375.0
354.40,6525.0
354.80,6287.5
355.20,6600.0
355.60,6600.0
356.00,6437.5
356.40,6275.0
356.80,6812.5
357.20,6462.5
357.60,6312.5
358.00,6600.0
358.40,6325.0
358.80,6487.5
359.20,6125.0
359.60,6025.0
360.00,5862.5
360.40,6075.0
360.80,6350.0
361.20,6287.5
361.60,6137.5
362.00,6437.5
362.40,6225.0
362.80,6275.0
363.20,6087.5
363.60,6987.5
364.00,6112.5
364.40,5850.0
364.80,6350.0
365.20,6687.5
365.60,6312.5
366.00,6650.0
366.40,6137.5
366.80,5862.5
367.20,6412.5
367.60,6662.5
368.00,6275.0
368.40,6712.5
368.80,6237.5
369.20,6562.5
369.60,5712.5
370.00,6750.0
370.40,6450.0
370.80,6000.0
371.20,6000.0
371.60,5737.5
372.00,5975.0
372.40,6087.5
372.80,5850.0
373.20,6312.5
373.60,6200.0
374.00,6412.5
374.40,6400.0
374.80,6162.5
375.20,6587.5
375.60,6250.0
376.00,6600.0
376.40,6200.0
376.80,6625.0
377.20,6162.5
377.60,6187.5
378.00,6400.0
378.40,5775.0
378.80,5775.0
379.20,5937.5
379.60,6325.0
380.00,6162.5
380.40,6225.0
380.80,6150.0
381.20,6162.5
381.60,6487.5
382.00,6012.5
382.40,5937.5
382.80,6175.0
383.20,5962.5
383.60,6650.0
384.00,5450.0
384.40,6237.5
384.80,6212.5
385.20,5837.5
385.60,6025.0
386.00,6337.5
386.40,6200.0
386.80,6200.0
387.20,6362.5
387.60,6462.5
388.00,6150.0
388.40,6362.5
388.80,6225.0
389.20,6437.5
389.60,6200.0
390.00,6012.5
390.40,6700.0
390.80,6062.5
391.20,6587.5
391.60,5687.5
392.00,5975.0
392.40,6200.0
392.80,6162.5
393.20,5900.0
393.60,5812.5
394.00,5887.5
394.40,5712.5
394.80,5875.0
395.20,6437.5
395.60,5937.5
396.00,6625.0
396.40,5650.0
396.80,6812.5
397.20,6050.0
397.60,5850.0
398.00,6162.5
398.40,5887.5
398.80,6300.0
399.20,5762.5
399.60,6050.0
400.00,5862.5
400.40,5587.5
400.80,6287.5
401.20,6412.5
401.60,5775.0
402.00,6112.5
402.40,5800.0
402.80,6112.5
403.20,6162.5
403.60,6250.0
404.00,6062.5
404.40,6050.0
404.80,6575.0
405.20,6112.5
405.60,6475.0
406.00,6100.0
406.40,6412.5
406.80,6437.5
407.20,6262.5
407.60,5975.0
408.00,6000.0
408.40,6037.5
408.80,5837.5
409.20,6375.0
409.60,6025.0
410.00,6137.5
410.40,5987.5
410.80,5825.0
411.20,5550.0
411.60,5750.0
412.00,5350.0
412.40,5862.5
412.80,5675.0
413.20,5600.0
413.60,5787.5
414.00,5562.5
414.40,6475.0
414.80,5587.5
415.20,5900.0
415.60,5462.5
416.00,6225.0
416.40,5400.0
416.80,6200.0
417.20,5812.5
417.60,6012.5
418.00,6025.0
418.40,5600.0
418.80,5737.5
419.20,6312.5
419.60,5862.5
420.00,5987.5
420.40,5700.0
420.80,6337.5
421.20,5712.5
421.60,6300.0
422.00,5575.0
422.40,5825.0
422.80,5912.5
423.20,5875.0
423.60,5425.0
424.00,6587.5
424.40,5712.5
424.80,5575.0
425.20,5850.0
425.60,5700.0
426.00,5862.5
426.40,5812.5
426.80,5750.0
427.20,5637.5
427.60,5300.0
428.00,5550.0
428.40,5900.0
428.80,6087.5
429.20,5812.5
429.60,5587.5
430.00,5625.0
430.40,5725.0
430.80,5725.0
431.20,5675.0
431.60,5937.5
432.00,5850.0
432.40,5762.5
432.80,5487.5
433.20,6037.5
433.60,5500.0
434.00,6025.0
434.40,5525.0
434.80,6037.5
435.20,5137.5
435.60,5137.5
436.00,5475.0
436.40,5350.0
436.80,5500.0
437.20,5412.5
437.60,5712.5
438.00,6012.5
438.40,5562.5
438.80,6012.5
439.20,5537.5
439.60,6012.5
440.00,6200.0
440.40,5600.0
440.80,5912.5
441.20,5325.0
441.60,5462.5
442.00,5262.5
442.40,5850.0
442.80,5900.0
443.20,5387.5
443.60,5350.0
444.00,5462.5
444.40,5612.5
444.80,5887.5
445.20,5875.0
445.60,5700.0
446.00,5787.5
446.40,5650.0
446.80,5762.5
447.20,5750.0
447.60,5700.0
448.00,5787.5
448.40,5512.5
448.80,5887.5
449.20,5687.5
449.60,5737.5
450.00,5650.0
450.40,5587.5
450.80,5450.0
451.20,5550.0
451.60,5837.5
452.00,5375.0
452.40,5887.5
452.80,5237.5
453.20,5587.5
453.60,5400.0
454.00,5837.5
454.40,5875.0
454.80,5400.0
455.20,5712.5
455.60,5787.5
456.00,5462.5
456.40,6325.0
456.80,6000.0
457.20,6037.5
457.60,6175.0
458.00,5875.0
458.40,6225.0
458.80,6462.5
459.20,6425.0
459.60,6450.0
460.00,6312.5
460.40,6362.5
460.80,6487.5
461.20,7150.0
461.60,8100.0
462.00,7900.0
462.40,10750.0
462.80,13837.5
463.20,21837.5
463.60,28987.5
464.00,34075.0
464.40,34800.0
464.80,30812.5
465.20,22362.5
465.60,16887.5
466.00,13212.5
466.40,13037.5
466.80,12687.5
467.20,12225.0
467.60,12212.5
468.00,12912.5
468.40,14962.5
468.80,16837.5
469.20,18962.5
469.60,20062.5
470.00,20812.5
470.40,19612.5
470.80,18287.5
471.20,16200.0
471.60,13550.0
472.00,12962.5
472.40,12375.0
472.80,11387.5
473.20,10987.5
473.60,11675.0
474.00,10912.5
474.40,11212.5
474.80,11725.0
475.20,12212.5
475.60,12512.5
476.00,12850.0
476.40,14150.0
476.80,14612.5
477.20,15025.0
477.60,14712.5
478.00,14600.0
478.40,14537.5
478.80,14600.0
479.20,14450.0
479.60,13575.0
480.00,14287.5
480.40,13312.5
480.80,13837.5
481.20,13450.0
481.60,13175.0
482.00,13575.0
482.40,13725.0
482.80,14687.5
483.20,13650.0
483.60,14387.5
484.00,13937.5
484.40,13737.5
484.80,13762.5
485.20,13612.5
485.60,13775.0
486.00,13712.5
486.40,13837.5
486.80,13712.5
487.20,14237.5
487.60,13712.5
488.00,13950.0
488.40,14325.0
488.80,14162.5
489.20,14775.0
489.60,14100.0
490.00,15850.0
490.40,17275.0
490.80,20800.0
491.20,26687.5
491.60,32662.5
492.00,35800.0
492.40,36087.5
492.80,30975.0
493.20,25825.0
493.60,21400.0
494.00,17737.5
494.40,16975.0
494.80,15475.0
495.20,15687.5
495.60,15025.0
496.00,15100.0
496.40,14762.5
496.80,14625.0
497.20,14312.5
497.60,14687.5
498.00,14862.5
498.40,15150.0
498.80,16237.5
499.20,19175.0
499.60,22837.5
500.00,26800.0
500.40,30175.0
500.80,30175.0
501.20,27725.0
501.60,23250.0
502.00,20675.0
502.40,18525.0
502.80,17975.0
503.20,16575.0
503.60,15900.0
504.00,16087.5
504.40,15375.0
504.80,16562.5
505.20,16125.0
505.60,16350.0
506.00,16600.0
506.40,16175.0
506.80,17125.0
507.20,16125.0
507.60,16637.5
508.00,17250.0
508.40,16387.5
508.80,18450.0
509.20,17612.5
509.60,17900.0
510.00,18062.5
510.40,18287.5
510.80,17875.0
511.20,18675.0
511.60,19137.5
512.00,19412.5
512.40,18762.5
512.80,19437.5
513.20,19025.0
513.60,19125.0
514.00,18787.5
514.40,20050.0
514.80,18612.5
515.20,19325.0
515.60,19500.0
516.00,19900.0
516.40,19175.0
516.80,20800.0
517.20,19750.0
517.60,19962.5
518.00,19400.0
518.40,20037.5
518.80,19550.0
519.20,20100.0
519.60,20187.5
520.00,19750.0
520.40,19587.5
520.80,19750.0
521.20,19762.5
521.60,19587.5
522.00,19187.5
522.40,20400.0
522.80,19300.0
523.20,19900.0
523.60,19450.0
524.00,20775.0
524.40,20325.0
524.80,20350.0
525.20,20000.0
525.60,20125.0
526.00,18612.5
526.40,21087.5
526.80,19812.5
527.20,19612.5
527.60,19862.5
528.00,18900.0
528.40,19725.0
528.80,20350.0
529.20,20137.5
529.60,19762.5
530.00,19562.5
530.40,18925.0
530.80,20175.0
531.20,20337.5
531.60,21075.0
532.00,20587.5
532.40,21425.0
532.80,21287.5
533.20,22262.5
533.60,22362.5
534.00,27337.5
534.40,33925.0
534.80,42725.0
535.20,53737.5
535.60,56825.0
536.00,56850.0
536.40,49762.5
536.80,42775.0
537.20,36087.5
537.60,32550.0
538.00,30350.0
538.40,26750.0
538.80,26075.0
539.20,23625.0
539.60,23275.0
540.00,23612.5
540.40,22875.0
540.80,22900.0
541.20,22587.5
541.60,23225.0
542.00,23250.0
542.40,23650.0
542.80,23400.0
543.20,23437.5
543.60,24637.5
544.00,23400.0
544.40,24300.0
544.80,23737.5
545.20,23812.5
545.60,23962.5
546.00,23387.5
546.40,25212.5
546.80,25275.0
547.20,25125.0
547.60,25337.5
548.00,26050.0
548.40,26387.5
548.80,26362.5
549.20,26650.0
549.60,26187.5
550.00,26100.0
550.40,26737.5
550.80,26212.5
551.20,26637.5
551.60,26000.0
552.00,26462.5
552.40,26562.5
552.80,26812.5
553.20,26600.0
553.60,27412.5
554.00,27062.5
554.40,26600.0
554.80,26637.5
555.20,28187.5
555.60,26537.5
556.00,25887.5
556.40,26112.5
556.80,26150.0
557.20,26337.5
557.60,27450.0
558.00,26812.5
558.40,26312.5
558.80,26800.0
559.20,26050.0
559.60,26287.5
560.00,27012.5
560.40,26875.0
560.80,28425.0
561.20,27537.5
561.60,26962.5
562.00,28225.0
562.40,27787.5
562.80,28100.0
563.20,27650.0
563.60,28025.0
564.00,28600.0
564.40,27300.0
564.80,28650.0
565.20,29000.0
565.60,29325.0
566.00,28350.0
566.40,28087.5
566.80,28650.0
567.20,28712.5
567.60,29100.0
568.00,28837.5
568.40,28500.0
568.80,30250.0
569.20,30500.0
569.60,30262.5
570.00,31862.5
570.40,32012.5
570.80,31625.0
571.20,31637.5
571.60,31712.5
572.00,30487.5
572.40,32150.0
572.80,30737.5
573.20,30600.0
573.60,30075.0
574.00,29350.0
574.40,29975.0
574.80,30225.0
575.20,28987.5
575.60,30662.5
576.00,28050.0
576.40,30175.0
576.80,29825.0
577.20,29550.0
577.60,30212.5
578.00,29712.5
578.40,30962.5
578.80,30587.5
579.20,30575.0
579.60,31250.0
580.00,29450.0
580.40,31337.5
580.80,30262.5
581.20,30650.0
581.60,29587.5
582.00,29350.0
582.40,31200.0
582.80,30287.5
583.20,30100.0
583.60,30675.0
584.00,30137.5
584.40,30887.5
584.80,30762.5
585.20,29975.0
585.60,30925.0
586.00,30625.0
586.40,30312.5
586.80,30262.5
587.20,29875.0
587.60,30037.5
588.00,29762.5
588.40,29662.5
588.80,30075.0
589.20,30800.0
589.60,30525.0
590.00,30100.0
590.40,30537.5
590.80,29825.0
591.20,29612.5
591.60,29800.0
592.00,30000.0
592.40,30362.5
592.80,28812.5
593.20,30300.0
593.60,30287.5
594.00,30425.0
594.40,29787.5
594.80,30200.0
595.20,29862.5
595.60,27887.5
596.00,30812.5
596.40,29750.0
596.80,29625.0
597.20,31062.5
597.60,29637.5
598.00,31337.5
598.40,29712.5
598.80,30200.0
599.20,30887.5
599.60,29612.5
600.00,29887.5
600.40,29700.0
600.80,30500.0
601.20,29200.0
601.60,30050.0
602.00,30287.5
602.40,31012.5
602.80,28850.0
603.20,30012.5
603.60,30387.5
604.00,29162.5
604.40,29325.0
604.80,30075.0
605.20,30275.0
605.60,29300.0
606.00,31237.5
606.40,30287.5
606.80,30187.5
607.20,30387.5
607.60,29637.5
608.00,29762.5
608.40,29975.0
608.80,29100.0
609.20,29425.0
609.60,29812.5
610.00,30375.0
610.40,30075.0
610.80,29512.5
611.20,28812.5
611.60,29950.0
612.00,29712.5
612.40,29462.5
612.80,29862.5
613.20,30400.0
613.60,29287.5
614.00,31100.0
614.40,29437.5
614.80,30250.0
615.20,29775.0
615.60,30387.5
616.00,28787.5
616.40,29537.5
616.80,28475.0
617.20,30275.0
617.60,28775.0
618.00,31500.0
618.40,29437.5
618.80,30375.0
619.20,29850.0
619.60,29112.5
620.00,30025.0
620.40,29512.5
620.80,30825.0
621.20,29400.0
621.60,30112.5
622.00,30012.5
622.40,28850.0
622.80,30250.0
623.20,28612.5
623.60,29087.5
624.00,28900.0
624.40,30050.0
624.80,29800.0
625.20,30137.5
625.60,30212.5
626.00,30587.5
626.40,30675.0
626.80,30525.0
627.20,29212.5
627.60,30587.5
628.00,29350.0
628.40,30137.5
628.80,29375.0
629.20,30087.5
629.60,29475.0
630.00,30162.5
630.40,29400.0
630.80,28087.5
631.20,29575.0
631.60,28487.5
632.00,30112.5
632.40,29387.5
632.80,30387.5
633.20,29900.0
633.60,29337.5
634.00,30412.5
634.40,30075.0
634.80,30250.0
635.20,29725.0
635.60,28975.0
636.00,30487.5
636.40,29650.0
636.80,30087.5
637.20,29300.0
637.60,29800.0
638.00,29212.5
638.40,29750.0
638.80,29387.5
639.20,28725.0
639.60,29212.5
640.00,28662.5
640.40,29850.0
640.80,29450.0
641.20,29800.0
641.60,29600.0
642.00,28900.0
642.40,28862.5
642.80,29225.0
643.20,29875.0
643.60,30350.0
644.00,30662.5
644.40,28887.5
644.80,29712.5
645.20,29800.0
645.60,29175.0
646.00,30362.5
646.40,28887.5
646.80,29625.0
647.20,29137.5
647.60,29762.5
648.00,28562.5
648.40,30450.0
648.80,28750.0
649.20,30462.5
649.60,29562.5
650.00,30437.5
650.40,30387.5
650.80,29550.0
651.20,29500.0
651.60,28887.5
652.00,28912.5
652.40,29125.0
652.80,28375.0
653.20,30462.5
653.60,29750.0
654.00,29237.5
654.40,28537.5
654.80,28925.0
655.20,30250.0
655.60,28975.0
656.00,29812.5
656.40,28362.5
656.80,29725.0
657.20,29475.0
657.60,29037.5
658.00,29287.5
658.40,28675.0
658.80,28925.0
659.20,29500.0
659.60,28887.5
660.00,29112.5
660.40,28875.0
660.80,29150.0
661.20,29812.5
661.60,29362.5
662.00,28887.5
662.40,28450.0
662.80,27962.5
663.20,28712.5
663.60,29112.5
664.00,28362.5
664.40,29387.5
664.80,28100.0
665.20,28775.0
665.60,29175.0
666.00,28012.5
666.40,29400.0
666.80,29112.5
667.20,28937.5
667.60,28500.0
668.00,29287.5
668.40,29025.0
668.80,29562.5
669.20,28350.0
669.60,28787.5
670.00,29000.0
670.40,29675.0
670.80,28050.0
671.20,28787.5
671.60,28412.5
672.00,28625.0
672.40,28412.5
672.80,27950.0
673.20,29650.0
673.60,27812.5
674.00,28387.5
674.40,28737.5
674.80,28700.0
675.20,29950.0
675.60,28800.0
676.00,28862.5
676.40,28500.0
676.80,29525.0
677.20,27962.5
677.60,28475.0
678.00,28987.5
678.40,28137.5
678.80,29187.5
679.20,28550.0
679.60,27875.0
680.00,27612.5
680.40,28500.0
680.80,28162.5
681.20,27812.5
681.60,28050.0
682.00,28775.0
682.40,28012.5
682.80,27512.5
683.20,29550.0
683.60,27850.0
684.00,28612.5
684.40,27925.0
684.80,27625.0
685.20,28637.5
685.60,28612.5
686.00,28250.0
686.40,28487.5
686.80,29400.0
687.20,28875.0
687.60,28937.5
688.00,28762.5
688.40,28687.5
688.80,28050.0
689.20,27337.5
689.60,28375.0
690.00,28762.5
690.40,28462.5
690.80,27562.5
691.20,29450.0
691.60,28112.5
692.00,28712.5
692.40,28162.5
692.80,28900.0
693.20,28712.5
693.60,28112.5
694.00,28050.0
694.40,27712.5
694.80,26925.0
695.20,28462.5
695.60,27462.5
696.00,29312.5
696.40,27225.0
696.80,28587.5
697.20,27625.0
697.60,29087.5
698.00,28525.0
698.40,28162.5
698.80,27450.0
699.20,28712.5
699.60,28750.0
700.00,27387.5
700.40,27337.5
700.80,27750.0
701.20,27000.0
701.60,27837.5
702.00,26962.5
702.40,27600.0
702.80,27550.0
703.20,27337.5
703.60,28350.0
704.00,27937.5
704.40,28462.5
704.80,27700.0
705.20,27825.0
705.60,27812.5
706.00,26800.0
706.40,26850.0
706.80,28337.5
707.20,27875.0
707.60,27525.0
708.00,27612.5
708.40,28537.5
708.80,26650.0
709.20,28500.0
709.60,27375.0
710.00,27912.5
710.40,28000.0
710.80,27587.5
711.20,28125.0
711.60,27850.0
712.00,27562.5
712.40,27537.5
712.80,28100.0
713.20,26812.5
713.60,27987.5
714.00,27787.5
714.40,27412.5
714.80,27975.0
715.20,27600.0
715.60,28187.5
716.00,28725.0
716.40,28287.5
716.80,27912.5
717.20,29087.5
717.60,27850.0
718.00,28425.0
718.40,28687.5
718.80,28575.0
719.20,28312.5
719.60,29450.0
720.00,29212.5
720.40,30175.0
720.80,30200.0
721.20,30812.5
721.60,30587.5
722.00,31062.5
722.40,30212.5
722.80,31275.0
723.20,29262.5
723.60,28662.5
724.00,29075.0
724.40,28725.0
724.80,28450.0
725.20,28837.5
725.60,29012.5
726.00,28462.5
726.40,28287.5
726.80,27087.5
727.20,28275.0
727.60,28437.5
728.00,27600.0
728.40,27787.5
728.80,28087.5
729.20,27075.0
729.60,28087.5
730.00,28325.0
730.40,27100.0
730.80,27687.5
731.20,27387.5
731.60,27275.0
732.00,27587.5
732.40,27437.5
732.80,28150.0
733.20,27962.5
733.60,27587.5
734.00,27675.0
734.40,27300.0
734.80,28500.0
735.20,27362.5
735.60,27600.0
736.00,28437.5
736.40,28800.0
736.80,27875.0
737.20,28162.5
737.60,27862.5
738.00,27925.0
738.40,27687.5
738.80,27962.5
739.20,27037.5
739.60,27362.5
740.00,28862.5
740.40,27900.0
740.80,29012.5
741.20,27775.0
741.60,28112.5
742.00,28387.5
742.40,27775.0
742.80,28250.0
743.20,27000.0
743.60,27625.0
744.00,28475.0
744.40,27512.5
744.80,28050.0
745.20,28962.5
745.60,29237.5
746.00,29000.0
746.40,28212.5
746.80,28137.5
747.20,28112.5
747.60,27500.0
748.00,28262.5
748.40,28412.5
748.80,27975.0
749.20,28150.0
749.60,29162.5
750.00,27737.5
750.40,27037.5
750.80,26525.0
751.20,28750.0
751.60,28200.0
752.00,27387.5
752.40,27500.0
752.80,28175.0
753.20,27850.0
753.60,27787.5
754.00,28262.5
754.40,28300.0
754.80,27787.5
755.20,27875.0
755.60,29250.0
756.00,27512.5
756.40,29625.0
756.80,27700.0
757.20,28887.5
757.60,28462.5
758.00,27887.5
758.40,27975.0
758.80,27362.5
759.20,28625.0
759.60,27062.5
760.00,28075.0
760.40,27800.0
760.80,27987.5
761.20,27400.0
761.60,28150.0
762.00,28112.5
762.40,29012.5
762.80,29200.0
763.20,29450.0
763.60,29350.0
764.00,30212.5
764.40,28300.0
764.80,28662.5
765.20,27537.5
765.60,28950.0
766.00,28450.0
766.40,28512.5
766.80,26900.0
767.20,28650.0
767.60,26900.0
768.00,28487.5
768.40,27637.5
768.80,26987.5
769.20,27337.5
769.60,27012.5
770.00,27862.5
770.40,27175.0
770.80,28062.5
771.20,28425.0
771.60,27525.0
772.00,28875.0
772.40,27562.5
772.80,29325.0
773.20,27712.5
773.60,27200.0
774.00,27275.0
774.40,27175.0
774.80,28262.5
775.20,28575.0
775.60,27687.5
776.00,27700.0
776.40,28987.5
776.80,28037.5
777.20,29150.0
777.60,27837.5
778.00,28275.0
778.40,27925.0
778.80,27337.5
779.20,27187.5
779.60,28062.5
780.00,27862.5
780.40,27850.0
780.80,27875.0
781.20,28262.5
781.60,27187.5
782.00,27787.5
782.40,27400.0
782.80,27062.5
783.20,27737.5
783.60,29087.5
784.00,27112.5
784.40,28737.5
784.80,27475.0
785.20,28275.0
785.60,27212.5
786.00,27937.5
786.40,27737.5
786.80,27112.5
787.20,27837.5
787.60,27962.5
788.00,27300.0
788.40,29250.0
788.80,28400.0
789.20,28187.5
789.60,27450.0
790.00,27812.5
790.40,28375.0
790.80,27887.5
791.20,28200.0
791.60,27087.5
792.00,26825.0
792.40,28637.5
792.80,28212.5
793.20,28137.5
793.60,27137.5
794.00,27787.5
794.40,27525.0
794.80,28837.5
795.20,27712.5
795.60,29075.0
796.00,27562.5
796.40,28137.5
796.80,27600.0
797.20,28375.0
797.60,27075.0
798.00,27000.0
798.40,27987.5
798.80,27025.0
799.20,28350.0
799.60,28262.5
800.00,27537.5
800.40,28112.5
800.80,28650.0
801.20,27137.5
801.60,28437.5
802.00,28037.5
802.40,29000.0
802.80,27475.0
803.20,28825.0
803.60,27275.0
804.00,27612.5
804.40,27162.5
804.80,28637.5
805.20,27612.5
805.60,27837.5
806.00,28450.0
806.40,28250.0
806.80,28675.0
807.20,27362.5
807.60,28362.5
808.00,28162.5
808.40,27875.0
808.80,27962.5
809.20,27712.5
809.60,27762.5
810.00,28225.0
810.40,28225.0
810.80,26675.0
811.20,28675.0
811.60,27287.5
812.00,28225.0
812.40,27862.5
812.80,27687.5
813.20,26975.0
813.60,27837.5
814.00,27675.0
814.40,27800.0
814.80,27162.5
815.20,27687.5
815.60,26850.0
816.00,27587.5
816.40,26950.0
816.80,27850.0
817.20,27925.0
817.60,26912.5
818.00,27925.0
818.40,27750.0
818.80,26700.0
819.20,27775.0
819.60,27125.0
820.00,27737.5
820.40,27112.5
820.80,27987.5
821.20,27537.5
821.60,27712.5
822.00,27550.0
822.40,27250.0
822.80,27125.0
823.20,27762.5
823.60,27325.0
824.00,27825.0
824.40,27100.0
824.80,28112.5
825.20,26837.5
825.60,27237.5
826.00,26137.5
826.40,27512.5
826.80,27200.0
827.20,27875.0
827.60,27912.5
828.00,27250.0
828.40,27362.5
828.80,26887.5
829.20,27250.0
829.60,25925.0
830.00,25800.0
830.40,26562.5
830.80,27012.5
831.20,26862.5
831.60,26750.0
832.00,26637.5
832.40,26775.0
832.80,26700.0
833.20,27250.0
833.60,26175.0
834.00,27512.5
834.40,26812.5
834.80,26562.5
835.20,27687.5
835.60,26500.0
836.00,26837.5
836.40,27400.0
836.80,27175.0
837.20,27362.5
837.60,26887.5
838.00,27512.5
838.40,26700.0
838.80,27500.0
839.20,27412.5
839.60,26525.0
840.00,27275.0
840.40,26950.0
840.80,27687.5
841.20,27400.0
841.60,26962.5
842.00,28000.0
842.40,26650.0
842.80,26087.5
843.20,26512.5
843.60,26362.5
844.00,26762.5
844.40,25937.5
844.80,27187.5
845.20,27425.0
845.60,27437.5
846.00,26250.0
846.40,26025.0
846.80,26712.5
847.20,26800.0
847.60,26837.5
848.00,27475.0
848.40,26837.5
848.80,26950.0
849.20,25900.0
849.60,26462.5
850.00,26950.0
850.40,25750.0
850.80,26687.5
851.20,26387.5
851.60,26212.5
852.00,27000.0
852.40,26887.5
852.80,27362.5
853.20,26925.0
853.60,26462.5
854.00,27150.0
854.40,26900.0
854.80,26637.5
855.20,27862.5
855.60,27425.0
856.00,26125.0
856.40,26300.0
856.80,26112.5
857.20,26887.5
857.60,27025.0
858.00,27025.0
858.40,26525.0
858.80,26525.0
859.20,27275.0
859.60,26125.0
860.00,26600.0
860.40,26525.0
860.80,27387.5
861.20,26262.5
861.60,26462.5
862.00,25775.0
862.40,27212.5
862.80,25700.0
863.20,26387.5
863.60,26350.0
864.00,27437.5
864.40,25762.5
864.80,26937.5
865.20,26700.0
865.60,25675.0
866.00,26262.5
866.40,26225.0
866.80,26337.5
867.20,26425.0
867.60,26125.0
868.00,26725.0
868.40,27050.0
868.80,26362.5
869.20,26550.0
869.60,25725.0
870.00,25712.5
870.40,26025.0
870.80,25225.0
871.20,26137.5
871.60,26712.5
872.00,27300.0
872.40,26762.5
872.80,26862.5
873.20,26650.0
873.60,26237.5
874.00,26050.0
874.40,26162.5
874.80,26250.0
875.20,26350.0
875.60,25812.5
876.00,26337.5
876.40,25487.5
876.80,25200.0
877.20,25537.5
877.60,24950.0
878.00,25150.0
878.40,25225.0
878.80,25712.5
879.20,26537.5
879.60,26125.0
880.00,26712.5
880.40,25237.5
880.80,26062.5
881.20,25400.0
881.60,25587.5
882.00,25325.0
882.40,25687.5
882.80,25637.5
883.20,26337.5
883.60,25687.5
884.00,26087.5
884.40,25187.5
884.80,25925.0
885.20,24425.0
885.60,25400.0
886.00,25462.5
886.40,25837.5
886.80,26550.0
887.20,25237.5
887.60,26037.5
888.00,26337.5
888.40,25025.0
888.80,26187.5
889.20,26337.5
889.60,26512.5
890.00,25525.0
890.40,25550.0
890.80,25275.0
891.20,26087.5
891.60,25512.5
892.00,25500.0
892.40,24650.0
892.80,25325.0
893.20,25575.0
893.60,25450.0
894.00,25462.5
894.40,25900.0
894.80,24900.0
895.20,25875.0
895.60,25675.0
896.00,25812.5
896.40,25012.5
896.80,24287.5
897.20,26175.0
897.60,24462.5
898.00,24900.0
898.40,23887.5
898.80,25075.0
899.20,25012.5
899.60,26112.5
900.00,25350.0
900.40,26587.5
900.80,25112.5
901.20,25787.5
901.60,25450.0
902.00,25625.0
902.40,25575.0
902.80,25075.0
903.20,24512.5
903.60,25250.0
904.00,24125.0
904.40,25987.5
904.80,25100.0
905.20,25000.0
905.60,25062.5
906.00,26025.0
906.40,24187.5
906.80,26037.5
907.20,24812.5
907.60,25387.5
908.00,24300.0
908.40,24512.5
908.80,24850.0
909.20,25400.0
909.60,23825.0
910.00,25275.0
910.40,24712.5
910.80,25975.0
911.20,24775.0
911.60,24575.0
912.00,25137.5
912.40,24387.5
912.80,24662.5
913.20,25937.5
913.60,24925.0
914.00,24875.0
914.40,25050.0
914.80,25862.5
915.20,24525.0
915.60,24975.0
916.00,24875.0
916.40,25437.5
916.80,25962.5
917.20,26050.0
917.60,25712.5
918.00,25525.0
918.40,25012.5
918.80,24975.0
919.20,25000.0
919.60,24575.0
920.00,24712.5
920.40,24162.5
920.80,25575.0
921.20,24600.0
921.60,26112.5
922.00,24662.5
922.40,25987.5
922.80,24200.0
923.20,25062.5
923.60,23600.0
924.00,25200.0
924.40,24000.0
924.80,24562.5
925.20,24325.0
925.60,23900.0
926.00,25087.5
926.40,24450.0
926.80,23700.0
927.20,23850.0
927.60,24375.0
928.00,24487.5
928.40,24012.5
928.80,24800.0
929.20,24550.0
929.60,24862.5
930.00,23975.0
930.40,25087.5
930.80,24350.0
931.20,24687.5
931.60,24950.0
932.00,25275.0
932.40,23950.0
932.80,25187.5
933.20,23812.5
933.60,25025.0
934.00,23800.0
934.40,24575.0
934.80,24787.5
935.20,24025.0
935.60,24975.0
936.00,23300.0
936.40,24425.0
936.80,23225.0
937.20,23837.5
937.60,23900.0
938.00,24512.5
938.40,25137.5
938.80,24175.0
939.20,25500.0
939.60,25175.0
940.00,24437.5
940.40,24737.5
940.80,25137.5
941.20,23987.5
941.60,24387.5
942.00,23087.5
942.40,24200.0
942.80,23087.5
943.20,24162.5
943.60,24012.5
944.00,23100.0
944.40,24625.0
944.80,24300.0
945.20,23137.5
945.60,24225.0
946.00,23037.5
946.40,23212.5
946.80,22812.5
947.20,24125.0
947.60,23625.0
948.00,24137.5
948.40,23525.0
948.80,23887.5
949.20,23450.0
949.60,23862.5
950.00,24237.5
950.40,24537.5
950.80,23462.5
951.20,23887.5
951.60,23662.5
952.00,23162.5
952.40,23725.0
952.80,23775.0
953.20,24137.5
953.60,23812.5
954.00,23412.5
954.40,23350.0
954.80,23050.0
955.20,24312.5
955.60,22862.5
956.00,24187.5
956.40,23162.5
956.80,24612.5
957.20,24112.5
957.60,23975.0
958.00,24237.5
958.40,24037.5
958.80,23812.5
959.20,23712.5
959.60,23287.5
960.00,23312.5
960.40,23837.5
960.80,23450.0
961.20,23800.0
961.60,22812.5
962.00,23337.5
962.40,23275.0
962.80,23500.0
963.20,23362.5
963.60,23537.5
964.00,23250.0
964.40,24912.5
964.80,23425.0
965.20,23787.5
965.60,22937.5
966.00,22725.0
966.40,23125.0
966.80,23150.0
967.20,23637.5
967.60,22487.5
968.00,23987.5
968.40,23112.5
968.80,23150.0
969.20,23062.5
969.60,23362.5
970.00,22812.5
970.40,24037.5
970.80,24037.5
971.20,24812.5
971.60,24075.0
972.00,24475.0
972.40,24462.5
972.80,25800.0
973.20,24862.5
973.60,25412.5
974.00,25587.5
974.40,25212.5
974.80,26487.5
975.20,26337.5
975.60,28025.0
976.00,27600.0
976.40,28062.5
976.80,27837.5
977.20,28187.5
977.60,29575.0
978.00,29500.0
978.40,30262.5
978.80,30775.0
979.20,33237.5
979.60,33562.5
980.00,33175.0
980.40,33287.5
980.80,34250.0
981.20,32587.5
981.60,32125.0
982.00,31537.5
982.40,31412.5
982.80,30350.0
983.20,29212.5
983.60,29862.5
984.00,27925.0
984.40,28962.5
984.80,27037.5
985.20,28037.5
985.60,26500.0
986.00,27537.5
986.40,26037.5
986.80,27425.0
987.20,27050.0
987.60,26500.0
988.00,26237.5
988.40,26912.5
988.80,27075.0
989.20,26462.5
989.60,27850.0
990.00,26287.5
990.40,26412.5
990.80,27237.5
991.20,26700.0
991.60,26775.0
992.00,28137.5
992.40,26250.0
992.80,28425.0
993.20,27000.0
993.60,27887.5
994.00,26375.0
994.40,27887.5
994.80,26800.0
995.20,27450.0
995.60,27475.0
996.00,27487.5
996.40,26875.0
996.80,27887.5
997.20,26412.5
997.60,27862.5
998.00,26987.5
998.40,28125.0
998.80,28425.0
999.20,28775.0
999.60,28237.5
1000.00,29025.0
1000.40,28600.0
1000.80,29300.0
1001.20,28062.5
1001.60,28862.5
1002.00,28712.5
1002.40,27662.5
1002.80,28900.0
1003.20,27650.0
1003.60,27800.0
1004.00,27962.5
1004.40,27687.5
1004.80,28187.5
1005.20,27537.5
1005.60,27150.0
1006.00,28675.0
1006.40,27437.5
1006.80,27312.5
1007.20,26912.5
1007.60,26800.0
1008.00,27262.5
1008.40,25875.0
1008.80,26100.0
1009.20,27150.0
1009.60,27275.0
1010.00,27300.0
1010.40,27512.5
1010.80,27512.5
1011.20,26912.5
1011.60,27987.5
1012.00,27075.0
1012.40,26900.0
1012.80,27287.5
1013.20,25887.5
1013.60,27400.0
1014.00,28037.5
1014.40,27387.5
1014.80,27312.5
1015.20,27437.5
1015.60,27262.5
1016.00,27250.0
1016.40,26750.0
1016.80,26812.5
1017.20,27475.0
1017.60,27200.0
1018.00,27112.5
1018.40,26625.0
1018.80,26375.0
1019.20,26575.0
1019.60,27562.5
1020.00,26900.0
1020.40,26887.5
1020.80,26750.0
1021.20,26625.0
1021.60,26725.0
1022.00,27500.0
1022.40,26662.5
1022.80,27137.5
1023.20,27037.5
1023.60,27537.5
1024.00,26975.0
1024.40,26137.5
1024.80,25375.0
1025.20,26487.5
1025.60,26612.5
1026.00,25437.5
1026.40,26612.5
1026.80,26662.5
1027.20,26962.5
1027.60,27325.0
1028.00,26187.5
1028.40,26825.0
1028.80,26625.0
1029.20,26825.0
1029.60,25537.5
1030.00,26900.0
1030.40,26587.5
1030.80,27000.0
1031.20,26375.0
1031.60,27025.0
1032.00,26462.5
1032.40,26300.0
1032.80,26350.0
1033.20,25962.5
1033.60,26187.5
1034.00,26162.5
1034.40,25625.0
1034.80,25887.5
1035.20,26812.5
1035.60,25750.0
1036.00,26612.5
1036.40,26487.5
1036.80,26437.5
1037.20,26312.5
1037.60,27062.5
1038.00,26250.0
1038.40,26325.0
1038.80,27300.0
1039.20,25437.5
1039.60,25687.5
1040.00,26300.0
1040.40,25900.0
1040.80,26062.5
1041.20,25862.5
1041.60,26275.0
1042.00,25500.0
1042.40,25225.0
1042.80,25575.0
1043.20,25087.5
1043.60,26437.5
1044.00,25600.0
1044.40,25550.0
1044.80,25700.0
1045.20,26025.0
1045.60,25500.0
1046.00,25787.5
1046.40,25562.5
1046.80,25175.0
1047.20,25300.0
1047.60,24837.5
1048.00,25037.5
1048.40,25212.5
1048.80,24887.5
1049.20,25662.5
1049.60,25437.5
1050.00,26337.5
1050.40,25800.0
1050.80,25450.0
1051.20,24950.0
1051.60,25287.5
1052.00,24937.5
1052.40,24175.0
1052.80,25775.0
1053.20,25437.5
1053.60,25912.5
1054.00,24862.5
1054.40,25712.5
1054.80,24600.0
1055.20,25825.0
1055.60,24662.5
1056.00,25137.5
1056.40,25787.5
1056.80,24725.0
1057.20,25875.0
1057.60,24850.0
1058.00,25350.0
1058.40,26275.0
1058.80,25725.0
1059.20,26362.5
1059.60,25675.0
1060.00,26037.5
1060.40,24925.0
1060.80,25450.0
1061.20,26037.5
1061.60,25700.0
1062.00,25825.0
1062.40,24887.5
1062.80,25025.0
1063.20,25262.5
1063.60,25900.0
1064.00,25850.0
1064.40,25712.5
1064.80,27162.5
1065.20,25412.5
1065.60,26012.5
1066.00,25837.5
1066.40,25850.0
1066.80,26537.5
1067.20,26750.0
1067.60,26625.0
1068.00,26337.5
1068.40,26137.5
1068.80,26737.5
1069.20,26550.0
1069.60,26512.5
1070.00,26300.0
1070.40,26225.0
1070.80,26475.0
1071.20,26100.0
1071.60,26037.5
1072.00,25225.0
1072.40,26212.5
1072.80,25825.0
1073.20,27412.5
1073.60,26450.0
1074.00,26387.5
1074.40,26550.0
1074.80,26037.5
1075.20,26312.5
1075.60,27062.5
1076.00,27012.5
1076.40,27312.5
1076.80,28512.5
1077.20,27387.5
1077.60,27175.0
1078.00,29275.0
1078.40,28012.5
1078.80,28012.5
1079.20,27687.5
1079.60,27300.0
1080.00,26987.5
1080.40,27300.0
1080.80,26662.5
1081.20,28262.5
1081.60,26050.0
1082.00,26550.0
1082.40,25775.0
1082.80,26425.0
1083.20,26412.5
1083.60,26175.0
1084.00,26675.0
1084.40,26787.5
1084.80,26650.0
1085.20,25887.5
1085.60,26412.5
1086.00,26787.5
1086.40,25600.0
1086.80,26725.0
1087.20,26350.0
1087.60,25737.5
1088.00,25437.5
1088.40,26087.5
1088.80,26975.0
1089.20,26212.5
1089.60,26312.5
1090.00,26437.5
1090.40,26237.5
1090.80,26825.0
1091.20,26225.0
1091.60,25737.5
1092.00,26625.0
1092.40,27237.5
1092.80,25987.5
1093.20,26075.0
1093.60,24850.0
1094.00,25975.0
1094.40,26287.5
1094.80,26662.5
1095.20,25650.0
1095.60,26650.0
1096.00,26512.5
1096.40,26625.0
1096.80,25937.5
1097.20,26462.5
1097.60,25437.5
1098.00,26500.0
1098.40,25887.5
1098.80,26200.0
1099.20,26612.5
1099.60,27125.0
1100.00,26137.5
